
  <shard name="The Titans">
    <record>
      <key>
        kronos
      </key>
      <value>
        <name>
          Kronos
        </name>
        <description>
          Youngest Titan
        </description>
        <payload>
          Lives at Mount Othrys
        </payload>
      </value>
    </record>
    <record>
      <key>
        zeus
      </key>
      <value>
        <name>
          Zeus
        </name>
        <description>
          King of Gods
        </description>
        <payload>
          Lives at Mount Olympus
        </payload>
      </value>
    </record>
    <record>
      <key>
        apollo
      </key>
      <value>
        <name>
          Apollo
        </name>
        <description>
          God of Sun
        </description>
        <payload>
          Also lives at Mount Olympus
        </payload>
      </value>
    </record>
    <record>
      <key>
        artemis
      </key>
      <value>
        <name>
          Artemis
        </name>
        <description>
          Goddess of the Hunt
        </description>
        <payload>
          Also lives at Mount Olympus
        </payload>
      </value>
    </record>
  </shard>
